grado_inicio,grado_fin,simetrica,asimetria_propuesta,corrientes_neutras
0,1,1,3,1
1,2,2,5,4
2,3,8,8,9
3,4,5,8,5
4,5,12,10,18
5,6,12,16,6
6,7,15,20,10
7,8,20,24,14
8,9,13,25,15
9,10,17,26,18
10,11,21,25,20
11,12,28,35,29
12,13,19,35,29
13,14,33,51,36
14,15,33,39,28
15,16,36,41,39
16,17,31,33,39
17,18,44,40,47
18,19,33,42,34
19,20,39,56,37
20,21,42,58,48
21,22,47,58,46
22,23,41,53,42
23,24,47,58,46
24,25,52,72,56
25,26,54,44,57
26,27,58,70,55
27,28,58,76,51
28,29,64,62,42
29,30,57,79,55
30,31,71,59,69
31,32,53,82,78
32,33,47,77,63
33,34,59,74,49
34,35,52,76,68
35,36,66,70,58
36,37,54,78,67
37,38,68,86,78
38,39,60,89,61
39,40,50,102,65
40,41,65,86,67
41,42,81,82,58
42,43,79,75,90
43,44,68,101,75
44,45,80,70,57
45,46,66,90,69
46,47,73,87,57
47,48,66,76,75
48,49,73,73,72
49,50,75,84,63
50,51,76,81,71
51,52,65,83,92
52,53,77,86,76
53,54,58,73,76
54,55,69,96,89
55,56,71,91,76
56,57,64,89,80
57,58,66,95,69
58,59,81,110,76
59,60,76,84,72
60,61,61,84,61
61,62,64,77,71
62,63,69,85,72
63,64,63,81,70
64,65,67,76,78
65,66,75,77,65
66,67,69,85,67
67,68,76,69,82
68,69,64,79,62
69,70,87,71,68
70,71,69,100,71
71,72,76,87,75
72,73,62,101,70
73,74,60,82,68
74,75,49,80,56
75,76,64,95,58
76,77,64,71,57
77,78,60,60,59
78,79,69,81,64
79,80,63,69,65
80,81,73,53,51
81,82,54,69,67
82,83,57,84,59
83,84,73,74,77
84,85,63,69,69
85,86,70,61,59
86,87,66,69,70
87,88,60,76,66
88,89,78,61,76
89,90,67,71,70
90,91,67,70,58
91,92,72,64,72
92,93,60,75,60
93,94,73,63,59
94,95,83,60,68
95,96,64,61,70
96,97,64,59,52
97,98,67,44,60
98,99,78,66,65
99,100,55,65,60
100,101,78,67,68
101,102,93,73,46
102,103,71,52,58
103,104,51,47,65
104,105,69,47,67
105,106,60,55,58
106,107,64,57,67
107,108,67,59,70
108,109,65,58,63
109,110,62,63,76
110,111,66,45,75
111,112,67,66,71
112,113,65,64,68
113,114,65,47,67
114,115,66,62,74
115,116,64,47,62
116,117,62,69,63
117,118,83,49,65
118,119,78,49,81
119,120,75,46,81
120,121,70,65,80
121,122,78,63,73
122,123,80,36,69
123,124,54,63,71
124,125,70,63,81
125,126,78,51,77
126,127,73,41,69
127,128,78,54,63
128,129,86,58,64
129,130,70,56,65
130,131,61,58,69
131,132,85,50,74
132,133,69,46,68
133,134,56,62,70
134,135,64,50,73
135,136,57,60,79
136,137,62,32,60
137,138,78,58,67
138,139,63,53,73
139,140,71,47,80
140,141,65,58,52
141,142,66,48,51
142,143,68,52,68
143,144,58,49,67
144,145,60,39,55
145,146,65,51,65
146,147,64,57,67
147,148,62,47,57
148,149,67,46,59
149,150,60,52,57
150,151,58,31,73
151,152,46,38,48
152,153,65,40,50
153,154,59,46,47
154,155,52,52,61
155,156,42,36,38
156,157,58,40,38
157,158,54,36,45
158,159,39,31,56
159,160,48,23,45
160,161,31,43,47
161,162,38,31,40
162,163,41,19,30
163,164,35,24,39
164,165,41,31,37
165,166,31,23,32
166,167,29,27,29
167,168,37,27,31
168,169,33,15,30
169,170,27,20,19
170,171,18,12,25
171,172,22,12,17
172,173,15,9,17
173,174,10,12,14
174,175,6,10,17
175,176,10,9,11
176,177,6,8,5
177,178,6,3,8
178,179,5,2,4
179,180,3,2,0
